,model_used,title_train_score,title_test_score,selftext_train_score,selftext_test_score
0,CVec Logistic Regression,0.9565508021390374,0.7566844919786097,0.8549465240641712,0.8636363636363636
1,TfVec Logistic Regression,0.9204545454545454,0.732620320855615,0.8716577540106952,0.8475935828877005
2,CVec Mn Naive Bayes,0.9478609625668449,0.7433155080213903,0.5962566844919787,0.5267379679144385
3,TfVec Mn Naive Bayes,0.9491978609625669,0.7406417112299465,0.5588235294117647,0.5294117647058824
4,CVec KNN,0.6450534759358288,0.5374331550802139,0.5427807486631016,0.5133689839572193
5,TfVec KNN,0.6330213903743316,0.5454545454545454,0.4919786096256685,0.4839572192513369
6,CVec Decision Tree,0.9959893048128342,0.6844919786096256,0.928475935828877,0.8502673796791443
7,TfVec Decision Tree,0.9959893048128342,0.6443850267379679,0.928475935828877,0.8128342245989305
8,CVec Random Forest,0.9959893048128342,0.7540106951871658,0.928475935828877,0.8449197860962567
9,TfVec Random Forest,0.9959893048128342,0.7272727272727273,0.928475935828877,0.839572192513369
10,CVec Bagging,0.9786096256684492,0.713903743315508,0.9124331550802139,0.8582887700534759
11,TfVec Bagging,0.983957219251337,0.7005347593582888,0.9131016042780749,0.8529411764705882
12,CVec AdaBoosting,0.75,0.6711229946524064,0.8629679144385026,0.8556149732620321
13,TfVec AdaBoosting,0.7647058823529411,0.6818181818181818,0.8816844919786097,0.8475935828877005
14,CVec AdaBoosting w/ LogReg,0.7332887700534759,0.7058823529411765,0.8676470588235294,0.8315508021390374
15,TfVec AdaBoosting w/ LogReg,0.6851604278074866,0.679144385026738,0.8141711229946524,0.8368983957219251
16,CVec Gradient Boosting,0.7994652406417112,0.6898395721925134,0.8783422459893048,0.8582887700534759
17,TfVec Gradient Boosting,0.8221925133689839,0.7058823529411765,0.8977272727272727,0.8609625668449198
