,model_used,title_train_score,title_test_score,selftext_train_score,selftext_test_score
0,CVec Logistic Regression,0.9632683658170914,0.7934131736526946,0.8988005997001499,0.8473053892215568
1,TfVec Logistic Regression,0.9295352323838081,0.7664670658682635,0.8703148425787106,0.8263473053892215
2,CVec Mn Naive Bayes,0.9437781109445277,0.7904191616766467,0.8973013493253373,0.8293413173652695
3,TfVec Mn Naive Bayes,0.9490254872563718,0.7754491017964071,0.8590704647676162,0.811377245508982
4,CVec KNN,0.691904047976012,0.5568862275449101,0.6289355322338831,0.5479041916167665
5,TfVec KNN,0.6146926536731634,0.5269461077844312,0.525487256371814,0.5209580838323353
6,CVec Decision Tree,0.9970014992503748,0.7275449101796407,0.9257871064467766,0.8173652694610778
7,TfVec Decision Tree,0.9970014992503748,0.7125748502994012,0.9257871064467766,0.811377245508982
8,CVec Random Forest,0.9970014992503748,0.7574850299401198,0.9257871064467766,0.811377245508982
9,TfVec Random Forest,0.9970014992503748,0.7604790419161677,0.9257871064467766,0.8083832335329342
10,CVec Bagging,0.9835082458770614,0.7305389221556886,0.9175412293853074,0.8143712574850299
11,TfVec Bagging,0.9790104947526237,0.6946107784431138,0.9175412293853074,0.8173652694610778
12,CVec AdaBoosting,0.7563718140929535,0.7005988023952096,0.881559220389805,0.8293413173652695
13,TfVec AdaBoosting,0.7766116941529235,0.718562874251497,0.8973013493253373,0.8293413173652695
14,CVec AdaBoosting w/ LogReg,0.7518740629685158,0.6946107784431138,0.8673163418290855,0.811377245508982
15,TfVec AdaBoosting w/ LogReg,0.6934032983508246,0.6586826347305389,0.8148425787106447,0.7934131736526946
16,CVec Gradient Boosting,0.8088455772113943,0.7215568862275449,0.8883058470764618,0.8293413173652695
17,TfVec Gradient Boosting,0.8305847076461769,0.7365269461077845,0.9025487256371814,0.8203592814371258
